                  epoch,         train/box_loss,         train/cls_loss,         train/dfl_loss,   metrics/precision(B),      metrics/recall(B),       metrics/mAP50(B),    metrics/mAP50-95(B),           val/box_loss,           val/cls_loss,           val/dfl_loss,                 lr/pg0,                 lr/pg1,                 lr/pg2
                      1,                 3.1578,                 3.0197,                 3.9084,                0.02625,                 0.0563,                0.02087,                0.00896,                    nan,                    nan,                    nan,             0.00066377,             0.00066377,             0.00066377
                      2,                 2.6186,                 2.4178,                 3.0536,                 0.3114,                0.05183,                0.05233,                0.02046,                    nan,                    nan,                    nan,              0.0013041,              0.0013041,              0.0013041
                      3,                 2.1096,                 2.0221,                 2.5061,                0.41151,                0.05809,                0.06387,                0.02855,                    nan,                    nan,                    nan,               0.001918,               0.001918,               0.001918
                      4,                 1.7757,                 1.7464,                 2.2007,                0.46966,                0.06524,                0.07262,                0.04367,                    nan,                    nan,                    nan,              0.0018812,              0.0018812,              0.0018812
                      5,                 1.5222,                 1.5289,                 1.9493,                0.62358,                0.06792,                0.07626,                0.05218,                    nan,                    nan,                    nan,              0.0018416,              0.0018416,              0.0018416
                      6,                 1.4042,                  1.401,                 1.8415,                0.57792,                0.06608,                0.07556,                 0.0545,                    nan,                    nan,                    nan,               0.001802,               0.001802,               0.001802
