                  epoch,         train/box_loss,         train/cls_loss,         train/dfl_loss,   metrics/precision(B),      metrics/recall(B),       metrics/mAP50(B),    metrics/mAP50-95(B),           val/box_loss,           val/cls_loss,           val/dfl_loss,                 lr/pg0,                 lr/pg1,                 lr/pg2
                      1,                 3.1578,                 3.0197,                 3.9084,                0.02625,                 0.0563,                0.02087,                0.00896,                    nan,                    nan,                    nan,             0.00066377,             0.00066377,             0.00066377
                      2,                 2.6193,                 2.4196,                 3.0558,                0.29003,                0.05004,                0.04753,                0.02008,                    nan,                    nan,                    nan,              0.0013238,              0.0013238,              0.0013238
                      3,                 2.1062,                 2.0322,                 2.5125,                0.35446,                0.05898,                0.05999,                0.02588,                    nan,                    nan,                    nan,              0.0019773,              0.0019773,              0.0019773
                      4,                 1.7943,                 1.7512,                 2.2166,                0.45209,                0.06166,                0.07333,                0.04584,                    nan,                    nan,                    nan,              0.0019703,              0.0019703,              0.0019703
                      5,                 1.5282,                 1.5337,                 1.9572,                0.46664,                0.06646,                0.07521,                0.05025,                    nan,                    nan,                    nan,              0.0019604,              0.0019604,              0.0019604
